1712801521577362944,-0.00362,0.00482,0.01029,-0.01120,0.99945,0.00372,0.03101,0.00148,0.02237,-0.01132
1712801521643806720,-0.00346,0.00556,0.02158,0.00729,0.99868,0.01209,0.04932,0.04374,0.03837,-0.01956
1712801521710387968,0.00505,0.00622,0.06376,0.04422,0.99664,0.02421,0.06462,0.16923,0.10493,-0.05898
1712801521777558016,0.03289,0.00533,0.07029,0.06043,0.99450,0.04329,0.07380,0.28337,0.12587,-0.09828
1712801521843820800,0.02612,0.04492,0.07159,-0.00041,0.99170,0.06857,0.10874,0.07504,0.28815,-0.03618
1712801521910453504,0.04297,0.04611,0.06037,0.01274,0.99287,0.06982,0.09579,0.15057,0.24488,-0.05838
1712801521977016320,0.09318,0.05760,0.05307,0.04412,0.99213,0.08539,0.08029,0.34388,0.28217,-0.07704
1712801522043695872,0.11176,0.05050,0.02907,0.03594,0.99293,0.08469,0.07504,0.37624,0.22168,-0.11281
1712801522110364160,0.13869,0.08367,0.02974,0.04692,0.99203,0.08853,0.07646,0.41639,0.30329,-0.10809
1712801522177015552,0.16104,0.11391,0.02607,0.05109,0.99253,0.07846,0.07827,0.44753,0.33930,-0.10872
1712801522243688192,0.20314,0.14929,0.02538,0.05568,0.99143,0.09096,0.07548,0.52450,0.41014,-0.10561
1712801522310500096,0.22399,0.15970,0.01758,0.04335,0.99153,0.08802,0.08509,0.51565,0.38120,-0.10826
1712801522376997632,0.25762,0.18455,0.00979,0.04336,0.99156,0.08727,0.08547,0.54708,0.41669,-0.11540
1712801522443733760,0.29307,0.21334,0.00207,0.04325,0.99156,0.08678,0.08609,0.57660,0.45552,-0.12191
1712801522510442240,0.33087,0.24507,-0.00617,0.04325,0.99155,0.08620,0.08673,0.60700,0.49541,-0.12889
1712801522577076992,0.37078,0.27807,-0.01547,0.04320,0.99166,0.08584,0.08594,0.63768,0.53258,-0.13624
1712801522643777024,0.41270,0.31452,-0.02516,0.04297,0.99170,0.08537,0.08594,0.66948,0.57214,-0.14332
1712801522710967808,0.45810,0.35522,-0.03470,0.04323,0.99168,0.08512,0.08636,0.70168,0.61417,-0.14980
1712801522777015552,0.50431,0.39767,-0.04520,0.04303,0.99173,0.08481,0.08619,0.73366,0.65525,-0.15689
1712801522843969536,0.55426,0.44463,-0.05549,0.04327,0.99169,0.08463,0.08667,0.76703,0.69894,-0.16262
1712801522910396416,0.60529,0.49382,-0.06673,0.04321,0.99174,0.08426,0.08655,0.79957,0.74254,-0.16931
1712801522977411584,0.65237,0.55080,-0.07598,0.04046,0.99220,0.07600,0.09018,0.80919,0.79242,-0.17310
1712801523043756544,0.85425,0.80127,-0.09865,0.06901,0.99295,0.07117,0.06497,1.14254,1.25603,-0.22663
1712801523110494976,0.87436,0.47752,-0.10970,0.00694,0.99524,0.05517,0.08005,1.05627,0.51357,-0.18656
1712801523177137664,0.64229,0.27092,-0.16151,-0.04089,0.99229,-0.00265,0.11696,0.54820,0.01972,-0.22037
1712801523243782656,0.52894,0.35927,-0.18377,-0.02703,0.99290,-0.00317,0.11582,0.31558,0.21206,-0.23598
1712801523310456576,0.94754,0.90108,-0.18238,0.03740,0.99442,-0.04373,0.08843,0.94697,1.04096,-0.24276
1712801523377548544,0.57937,0.20908,-0.20350,-0.02207,0.99061,-0.06551,0.11791,0.25548,-0.10110,-0.23511
1712801523444674048,0.62001,0.25181,-0.20514,0.00619,0.99100,-0.05494,0.12189,0.18221,0.02150,-0.21788
1712801523510862336,0.64183,0.29910,-0.17819,0.01931,0.99126,-0.04440,0.12268,0.10145,0.05678,-0.17974
1712801523577268224,0.64866,0.25204,-0.09596,0.04049,0.98676,-0.07755,0.13658,-0.06313,-0.14101,-0.07779
1712801523643735552,0.77166,0.57663,-0.17850,0.02742,0.98886,-0.07469,0.12578,0.23173,0.39136,-0.19864
1712801523711312128,0.97540,0.95174,-0.21405,0.05583,0.98970,-0.07808,0.10620,0.64168,1.09167,-0.23330
1712801523776972544,1.26637,1.27896,-0.20738,0.09056,0.98868,-0.07864,0.09017,1.08244,1.55590,-0.20034
1712801523843667456,1.28958,1.36076,-0.18800,0.10067,0.98628,-0.08109,0.10267,0.94617,1.54436,-0.14835
1712801523910436352,1.40444,1.42907,-0.17109,0.10643,0.98573,-0.08050,0.10260,1.00192,1.50979,-0.10724
1712801523977041664,1.74237,1.38923,-0.12538,0.11595,0.98598,-0.07833,0.09092,1.37757,1.31958,-0.02637
1712801524043747328,2.22274,1.14414,-0.04957,0.12346,0.98666,-0.07568,0.07438,1.90560,0.86076,0.08983
1712801524110327040,2.46156,1.11972,0.01176,0.13262,0.98574,-0.07559,0.07085,2.05444,0.75260,0.17587
1712801524177007616,2.65112,1.18264,0.05490,0.14011,0.98470,-0.07714,0.06911,2.13596,0.77425,0.22994
1712801524243851520,2.83204,1.24311,0.08442,0.14360,0.98418,-0.07871,0.06763,2.20591,0.78788,0.26084
1712801524311118336,2.99672,1.28814,0.11292,0.14498,0.98396,-0.07887,0.06762,2.24318,0.77570,0.28719
1712801524376989440,3.15546,1.31972,0.13931,0.14547,0.98389,-0.07898,0.06747,2.27766,0.75147,0.30927
1712801524443722752,3.31299,1.35999,0.16510,0.14584,0.98383,-0.07908,0.06746,2.30755,0.73725,0.32850
1712801524510334976,3.47597,1.38826,0.19083,0.14578,0.98385,-0.07912,0.06724,2.34261,0.71162,0.34601
1712801524577018368,3.64560,1.40830,0.21682,0.14554,0.98392,-0.07907,0.06679,2.38288,0.67832,0.36277
1712801524643688192,3.92600,1.36709,0.20665,0.14370,0.98542,-0.07092,0.05709,2.58962,0.57361,0.33829
1712801524710325248,4.36780,1.27866,0.15813,0.14466,0.98700,-0.05896,0.03779,3.00095,0.47180,0.26833
1712801524777037056,4.66707,1.56216,0.17399,0.14609,0.98892,-0.00567,0.02566,3.21292,0.73465,0.27003
1712801524843714048,5.41893,0.31394,-0.10279,0.13179,0.98978,0.05435,-0.00305,4.13330,-0.23618,-0.04208
1712801524910321152,3.46310,1.18105,-0.93478,0.01995,0.98367,0.07656,0.16168,1.56972,0.13122,-0.58551
1712801524977397504,3.00309,0.87498,-0.64140,0.01775,0.98091,0.08953,0.17169,0.72381,-0.28889,-0.40518
1712801525043854080,2.48269,0.83871,-0.41957,0.06419,0.98340,0.07453,0.15250,0.30670,-0.11055,-0.21497
1712801525110352640,2.27717,0.87288,-0.27164,0.08028,0.98211,0.07284,0.15400,0.03547,-0.06203,-0.09040
1712801525176989696,1.99725,0.88124,-0.19910,0.09628,0.98233,0.07591,0.14143,-0.01969,0.00858,-0.01800
1712801525243687936,1.79668,0.94863,-0.19677,0.09358,0.98556,0.05448,0.13019,-0.01851,0.00479,-0.00597
1712801525310356736,1.75371,0.97412,-0.19696,0.09070,0.98583,0.05886,0.12822,-0.01645,0.00354,-0.00148
1712801525377408000,1.70711,0.96997,-0.18927,0.08660,0.98701,0.06614,0.11808,-0.01070,-0.00208,0.00135
1712801525443656960,1.69505,0.95298,-0.18752,0.08624,0.98771,0.06535,0.11278,-0.01040,-0.00383,0.00227
1712801525510312448,1.68820,0.94234,-0.18679,0.08620,0.98819,0.06408,0.10926,-0.01060,-0.00476,0.00373
1712801525577044736,1.68180,0.93362,-0.18588,0.08613,0.98860,0.06312,0.10614,-0.01094,-0.00611,0.00468
1712801525643712256,1.67574,0.92448,-0.18493,0.08595,0.98899,0.06250,0.10295,-0.01096,-0.00713,0.00563
1712801525710739456,1.67275,0.91830,-0.18484,0.08604,0.98928,0.06159,0.10065,-0.01055,-0.00732,0.00677
1712801525777084928,1.66776,0.90927,-0.18370,0.08575,0.98965,0.06133,0.09739,-0.00974,-0.00810,0.00708
1712801525843736576,1.66459,0.90194,-0.18324,0.08560,0.98991,0.06106,0.09496,-0.00939,-0.00828,0.00785
1712801525910379264,1.66657,0.90052,-0.18493,0.08604,0.98994,0.06042,0.09464,-0.01036,-0.00839,0.00870
1712801525977118976,1.66903,0.89948,-0.18674,0.08643,0.98992,0.06020,0.09469,-0.01031,-0.00835,0.00971
1712801526043692288,1.67024,0.89752,-0.18790,0.08667,0.98995,0.06003,0.09421,-0.01128,-0.00812,0.01087
1712801526110738944,1.67012,0.89252,-0.18841,0.08667,0.99009,0.06010,0.09274,-0.01050,-0.00834,0.01122
1712801526176968448,1.67091,0.88884,-0.18908,0.08669,0.99016,0.06038,0.09181,-0.01044,-0.00824,0.01243
1712801526243589376,1.67074,0.88364,-0.18942,0.08665,0.99028,0.06054,0.09036,-0.00993,-0.00844,0.01263
1712801526310315264,1.67073,0.87821,-0.18983,0.08658,0.99041,0.06079,0.08890,-0.00933,-0.00851,0.01317
1712801526376994816,1.67136,0.87437,-0.19040,0.08660,0.99047,0.06099,0.08798,-0.00918,-0.00846,0.01374
1712801526443633152,1.67147,0.86840,-0.19080,0.08649,0.99060,0.06125,0.08645,-0.00876,-0.00870,0.01400
1712801526510320128,1.67163,0.86286,-0.19120,0.08639,0.99072,0.06150,0.08501,-0.00819,-0.00852,0.01443
1712801526577076736,1.67256,0.85836,-0.19179,0.08633,0.99080,0.06179,0.08396,-0.00813,-0.00896,0.01467
1712801526643652864,1.67330,0.85374,-0.19235,0.08629,0.99087,0.06203,0.08292,-0.00768,-0.00884,0.01555
1712801526710388992,1.67330,0.84786,-0.19279,0.08618,0.99099,0.06222,0.08146,-0.00734,-0.00909,0.01517
1712801526777550848,1.67352,0.84213,-0.19328,0.08607,0.99110,0.06241,0.08010,-0.00707,-0.00898,0.01557
1712801526843852288,1.67416,0.83686,-0.19385,0.08592,0.99120,0.06262,0.07883,-0.00665,-0.00905,0.01544
1712801526910383360,1.67432,0.83004,-0.19431,0.08566,0.99135,0.06285,0.07709,-0.00576,-0.00904,0.01540
1712801526976985600,1.67507,0.82450,-0.19480,0.08545,0.99145,0.06307,0.07576,-0.00562,-0.00889,0.01555
1712801527043889664,1.67529,0.81765,-0.19529,0.08515,0.99160,0.06319,0.07407,-0.00486,-0.00879,0.01497
1712801527110328576,1.67563,0.81098,-0.19576,0.08481,0.99175,0.06327,0.07242,-0.00454,-0.00857,0.01485
1712801527176948480,1.67877,0.81112,-0.19662,0.08511,0.99168,0.06339,0.07292,-0.00487,-0.00907,0.01669
1712801527243633920,1.67943,0.80534,-0.19730,0.08485,0.99179,0.06348,0.07151,-0.00471,-0.00910,0.01649
1712801527310381056,1.67965,0.79754,-0.19754,0.08432,0.99198,0.06346,0.06957,-0.00365,-0.00817,0.01560
1712801527377252352,1.67898,0.78084,-0.19642,0.08265,0.99243,0.06310,0.06542,-0.00292,-0.00643,0.01115
1712801527444152320,1.68168,0.77482,-0.19593,0.08220,0.99254,0.06291,0.06439,-0.00229,-0.00595,0.01076
1712801527510391040,1.68449,0.76494,-0.19547,0.08151,0.99272,0.06279,0.06256,-0.00025,-0.00558,0.00988
1712801527577035008,1.68475,0.75312,-0.19444,0.08253,0.99222,0.07257,0.05845,0.03980,-0.00064,0.00936
1712801527643864576,1.68657,0.74196,-0.19802,0.08295,0.99259,0.07241,0.05134,0.03604,0.00188,0.00266
1712801527710397696,1.68258,0.75182,-0.19497,0.08026,0.99354,0.06198,0.05089,0.02400,0.00359,0.00246
1712801527777015296,1.66718,0.76200,-0.19671,0.07369,0.99445,0.05358,0.05257,0.01311,0.00292,0.00006
1712801527843710720,1.65693,0.75875,-0.19767,0.07241,0.99459,0.05417,0.05106,0.00583,0.00006,0.00030
1712801527910323968,1.63688,0.75223,-0.19666,0.07239,0.99452,0.05747,0.04895,0.00153,-0.00182,-0.00030
1712801527977003776,1.63011,0.74610,-0.19697,0.07258,0.99440,0.05941,0.04868,0.00028,-0.00403,0.00076
1712801528043751680,1.62640,0.74134,-0.19701,0.07232,0.99410,0.06558,0.04734,0.00583,-0.00243,0.00111
1712801528110524928,1.62458,0.74108,-0.19652,0.07165,0.99448,0.05754,0.05059,-0.00330,-0.00619,0.00203
1712801528177138176,1.62450,0.74072,-0.19628,0.07206,0.99448,0.05566,0.05206,-0.00781,-0.00714,0.00389
1712801528244130048,1.62461,0.74014,-0.19704,0.07224,0.99449,0.05457,0.05292,-0.01053,-0.00816,0.00424
1712801528310373120,1.62450,0.73988,-0.19722,0.07258,0.99446,0.05367,0.05393,-0.01278,-0.00952,0.00444
1712801528376971264,1.62437,0.73974,-0.19720,0.07359,0.99434,0.05314,0.05526,-0.01427,-0.01004,0.00429
1712801528443686400,1.62415,0.73965,-0.19718,0.07135,0.99457,0.05311,0.05410,-0.01541,-0.01177,0.00500
1712801528510649856,1.62401,0.73954,-0.19698,0.07300,0.99440,0.05258,0.05554,-0.01556,-0.01119,0.00522
1712801528577023744,1.62417,0.73926,-0.19719,0.07253,0.99443,0.05333,0.05476,-0.01470,-0.01128,0.00562
1712801528643852032,1.62380,0.73941,-0.19682,0.07207,0.99446,0.05270,0.05550,-0.01446,-0.01210,0.00579
1712801528710364928,1.62433,0.73921,-0.19701,0.07314,0.99440,0.04538,0.06130,-0.03103,-0.01678,0.00691
1712801528777013248,1.62415,0.73914,-0.19640,0.07219,0.99459,0.04193,0.06180,-0.04155,-0.01482,0.00971
1712801528843716864,1.62376,0.73846,-0.19629,0.07149,0.99478,0.03520,0.06368,-0.05698,-0.01719,0.01181
1712801528910953728,1.62387,0.73720,-0.19579,0.07374,0.99470,0.03744,0.06115,-0.05177,-0.01226,0.01625
1712801528977022720,1.62341,0.73730,-0.19478,0.07645,0.99445,0.04038,0.05990,-0.04101,-0.01148,0.01494
1712801529044059648,1.62341,0.73753,-0.19448,0.07405,0.99463,0.04805,0.05397,-0.03029,-0.01096,0.01383
1712801529110331904,1.62127,0.73641,-0.19369,0.07539,0.99485,0.04634,0.04936,-0.02267,-0.00894,0.01434
1712801529176981760,1.62145,0.73584,-0.19331,0.07460,0.99475,0.04922,0.04975,-0.00388,-0.00654,0.00623
1712801529243693056,1.62147,0.73407,-0.19201,0.07791,0.99452,0.04648,0.05195,0.00067,-0.03039,0.01474
1712801529310322688,1.62224,0.73224,-0.18992,0.08372,0.99399,0.04769,0.05197,0.01064,-0.02286,0.02505
1712801529376958464,1.62253,0.73221,-0.18987,0.08323,0.99385,0.04924,0.05403,0.01430,-0.00611,0.01595
1712801529443700992,1.62260,0.73321,-0.19044,0.08066,0.99398,0.05009,0.05475,0.01564,0.00498,0.00908
1712801529510307840,1.62282,0.73423,-0.19088,0.07859,0.99414,0.05149,0.05344,0.01959,0.01066,0.00587
1712801529576971008,1.62283,0.73477,-0.19149,0.07672,0.99425,0.05058,0.05490,0.01879,0.01234,0.00204
1712801529643898624,1.62291,0.73518,-0.19200,0.07079,0.99477,0.05018,0.05380,0.01849,0.01432,-0.00021
1712801529710407168,1.62301,0.73581,-0.19257,0.07137,0.99458,0.04948,0.05716,0.01777,0.01790,-0.00276
1712801529777131520,1.62329,0.73648,-0.19306,0.06887,0.99469,0.04950,0.05827,0.01683,0.01210,-0.00337
1712801529844061440,1.62394,0.73694,-0.19319,0.06765,0.99461,0.05134,0.05949,0.01687,0.01156,-0.00191
1712801529910356992,1.62411,0.73733,-0.19346,0.06651,0.99464,0.05107,0.06052,0.01549,0.01335,-0.00238
1712801529976977152,1.62413,0.73747,-0.19352,0.06522,0.99470,0.05030,0.06149,0.01240,0.00567,-0.00166
1712801530043678720,1.62467,0.73744,-0.19334,0.06535,0.99456,0.05266,0.06172,0.01162,-0.00090,0.00048
1712801530110449664,1.62487,0.73722,-0.19293,0.06646,0.99439,0.05481,0.06137,0.01316,0.00365,0.00123
1712801530177268224,1.62546,0.73715,-0.19272,0.06707,0.99419,0.05711,0.06192,0.01353,0.00018,0.00248
1712801530243997696,1.62583,0.73741,-0.19278,0.06631,0.99412,0.05915,0.06181,0.01303,0.00751,0.00150
1712801530310633984,1.62535,0.73828,-0.19445,0.06421,0.99432,0.05739,0.06249,0.01219,0.01616,-0.00179
1712801530376964096,1.62529,0.73983,-0.19514,0.06065,0.99456,0.05685,0.06275,0.00592,0.01504,-0.00326
1712801530443638528,1.62515,0.74018,-0.19524,0.05976,0.99459,0.05634,0.06364,0.00333,0.00321,-0.00151
1712801530510592768,1.62428,0.73946,-0.19516,0.05989,0.99480,0.05247,0.06349,-0.00125,-0.00432,0.00020
1712801530577010432,1.62337,0.73848,-0.19477,0.06256,0.99482,0.04946,0.06309,-0.00419,-0.00685,0.00226
1712801530643735040,1.62316,0.73802,-0.19455,0.06360,0.99478,0.04949,0.06256,-0.00611,-0.00871,0.00338
1712801530710287104,1.62294,0.73776,-0.19429,0.06577,0.99465,0.04969,0.06227,-0.00581,-0.00774,0.00396
1712801530776937216,1.62296,0.73781,-0.19440,0.06705,0.99445,0.05418,0.06035,-0.00229,0.00038,0.00302
1712801530843707648,1.63755,0.72350,-0.20006,0.05353,0.99104,0.10809,0.05731,0.02406,-0.01282,-0.00266
1712801530910311680,2.15693,0.91540,-0.35095,0.06490,0.99143,0.09492,0.06196,0.06277,0.02227,-0.00677
1712801530976909312,2.42947,1.52469,-0.46062,0.08073,0.99159,0.06239,0.07961,0.08287,0.03058,-0.00376
1712801531043695360,1.94734,0.88627,-0.47612,0.08496,0.99310,0.00228,0.08078,0.09785,0.01356,-0.00850
1712801531110436096,1.22735,0.83876,-0.45600,0.08732,0.99147,-0.03938,0.08834,0.10741,-0.02108,-0.01403
1712801531176994048,0.91262,0.99632,-0.44271,0.09365,0.98547,-0.11058,0.08865,0.05435,-0.02969,-0.00365
1712801531243609344,0.83785,1.05451,-0.43989,0.09559,0.98244,-0.13137,0.09178,0.02282,-0.03063,0.00156
1712801531310297856,0.80307,1.12398,-0.43820,0.09210,0.98680,-0.09533,0.09307,0.00017,-0.01249,0.00665
1712801531377017088,0.68316,1.17390,-0.43576,0.08882,0.98544,-0.11680,0.08589,-0.02718,0.00658,0.00486
1712801531443721728,0.69497,1.27986,-0.44501,0.07165,0.99407,0.00840,0.08137,-0.02769,0.00571,0.00529
1712801531510502912,2.64105,1.60005,-0.44504,0.09141,0.98924,0.04718,0.10403,-0.02998,0.01034,0.00344
1712801531576986880,2.73408,1.57035,-0.45007,0.09029,0.98856,0.05401,0.10811,-0.02957,0.01339,0.00286
1712801531643717376,2.64662,1.41889,-0.45212,0.08407,0.99046,0.05660,0.09334,-0.02202,0.00678,0.00188
1712801531710668544,2.63256,1.33407,-0.45440,0.08072,0.99088,0.06109,0.08894,-0.01592,0.00224,0.00152
1712801531776935424,2.62232,1.30048,-0.45753,0.07953,0.99122,0.06137,0.08601,-0.01529,0.00151,0.00269
1712801531844006400,2.57987,1.24747,-0.45602,0.07698,0.99134,0.06550,0.08387,-0.00975,-0.00375,0.00291
1712801531910299648,2.54263,1.20156,-0.45607,0.07546,0.99139,0.06859,0.08212,-0.00649,-0.00646,0.00401
1712801531976988928,2.53679,1.22798,-0.46214,0.07517,0.99091,0.07523,0.08239,-0.01091,-0.00541,0.00554
1712801532043994112,2.59378,1.22741,-0.47050,0.07479,0.99089,0.07782,0.08054,-0.01195,-0.00405,0.00801
1712801532110439680,2.58399,1.21708,-0.47892,0.07157,0.99116,0.08176,0.07606,-0.00977,-0.00650,0.00826
1712801532177909248,2.59158,1.19622,-0.49146,0.07031,0.99089,0.08752,0.07438,-0.01492,-0.00865,0.00925
1712801532243988736,2.68363,1.22479,-0.50559,0.07100,0.98876,0.10469,0.07966,-0.03849,-0.01072,0.01209
1712801532310454784,2.57438,1.17426,-0.49083,0.06799,0.98666,0.11887,0.08806,-0.05131,-0.02397,0.01319
1712801532377136384,2.46294,1.23285,-0.48448,0.07539,0.98910,0.08031,0.09767,-0.08334,-0.02890,0.01892
1712801532443931648,2.44905,1.22997,-0.48136,0.07543,0.99003,0.05396,0.10598,-0.12176,-0.03353,0.02504
1712801532510650112,2.44654,1.23060,-0.47798,0.07744,0.99019,0.05693,0.10145,-0.11354,-0.03773,0.03078
1712801532577026816,2.44646,1.22929,-0.47843,0.07778,0.99124,0.05473,0.09160,-0.09910,-0.04258,0.02659
1712801532644007424,2.44589,1.22769,-0.47929,0.07864,0.99209,0.04864,0.08492,-0.08911,-0.04290,0.02303
1712801532710635008,2.44474,1.22708,-0.47730,0.08103,0.99204,0.05257,0.08080,-0.07462,-0.03833,0.02526
1712801532777339648,2.44645,1.22750,-0.47785,0.08224,0.99200,0.06478,0.07061,-0.04182,-0.02547,0.02025
1712801532843705088,2.44988,1.22789,-0.48070,0.08500,0.99103,0.07472,0.07102,-0.00805,-0.00970,0.01087
1712801532910292480,2.45066,1.22806,-0.48223,0.08559,0.99089,0.07814,0.06864,0.01079,0.00244,0.00724
1712801532976974336,2.45149,1.22857,-0.48277,0.08420,0.99078,0.08186,0.06753,0.03008,0.01225,0.00457
1712801533043651584,2.45613,1.23043,-0.48398,0.08123,0.98990,0.08910,0.07452,0.03725,0.01665,0.00274
1712801533110338048,2.45681,1.23102,-0.48312,0.07985,0.98973,0.09090,0.07618,0.04425,0.02190,0.00269
1712801533176999168,2.45692,1.23108,-0.48376,0.08136,0.98983,0.08628,0.07852,0.03871,0.01957,0.00151
1712801533243691520,2.45716,1.23132,-0.48373,0.08096,0.98985,0.08484,0.08034,0.03794,0.01959,0.00088
1712801533310339328,2.45689,1.23129,-0.48377,0.08025,0.99005,0.08151,0.08194,0.03214,0.01692,0.00059
1712801533376923392,2.45680,1.23130,-0.48378,0.07951,0.99014,0.08018,0.08286,0.03090,0.01627,0.00052
1712801533443585280,2.45661,1.23122,-0.48378,0.07880,0.99025,0.07879,0.08359,0.02831,0.01454,0.00067
1712801533510309120,2.45627,1.23103,-0.48375,0.07788,0.99041,0.07674,0.08441,0.02398,0.01156,0.00093
1712801533576939008,2.45654,1.23100,-0.48353,0.07911,0.99013,0.08124,0.08240,0.03649,0.01266,0.00390
1712801533643936512,2.45875,1.23185,-0.48377,0.08145,0.98882,0.09673,0.07900,0.05723,0.01966,0.00273
1712801533710308352,2.46136,1.23307,-0.48418,0.08172,0.98746,0.11021,0.07804,0.07063,0.02583,0.00251
1712801533777313280,2.46286,1.23390,-0.48506,0.08379,0.98609,0.11996,0.07879,0.07684,0.03482,-0.00132
1712801533843761152,2.46579,1.23547,-0.48572,0.08408,0.98450,0.13037,0.08183,0.08555,0.04296,-0.00399
1712801533910365952,2.46901,1.23697,-0.48616,0.08277,0.98300,0.14030,0.08474,0.09099,0.04894,-0.00474
1712801533977263104,2.47162,1.23840,-0.48681,0.07863,0.98260,0.14058,0.09252,0.08351,0.04785,-0.00521
1712801534044197632,2.47321,1.23967,-0.48759,0.07401,0.98257,0.13825,0.09986,0.06860,0.04218,-0.00465
1712801534110454784,2.47375,1.24040,-0.48850,0.06918,0.98316,0.13095,0.10711,0.05002,0.03010,-0.00504
1712801534177454080,2.47387,1.24080,-0.48931,0.06586,0.98364,0.12529,0.11139,0.02685,0.01654,-0.00623
1712801534243669504,2.47209,1.24000,-0.48996,0.06438,0.98462,0.11540,0.11426,0.00782,0.00329,-0.00578
1712801534310395648,2.46928,1.23854,-0.49040,0.06462,0.98565,0.10401,0.11618,-0.01094,-0.00961,-0.00435
1712801534377185792,2.46902,1.23820,-0.49058,0.06512,0.98580,0.10294,0.11560,-0.02166,-0.01586,-0.00507
1712801534443612928,2.46585,1.23625,-0.49068,0.06772,0.98671,0.09341,0.11438,-0.03057,-0.02150,-0.00309
1712801534510669056,2.46553,1.23588,-0.49067,0.06942,0.98672,0.09446,0.11244,-0.03175,-0.02058,-0.00310
1712801534577036800,2.46467,1.23521,-0.49063,0.06999,0.98704,0.08962,0.11324,-0.03626,-0.02395,-0.00266
1712801534643819776,2.46303,1.23434,-0.49059,0.07242,0.98730,0.08855,0.11024,-0.03293,-0.01992,-0.00169
1712801534710577152,2.46269,1.23408,-0.49064,0.07363,0.98729,0.09046,0.10797,-0.02746,-0.01769,-0.00192
1712801534777098240,2.46227,1.23370,-0.49074,0.07473,0.98730,0.09223,0.10562,-0.02202,-0.01284,-0.00245
1712801534843899136,2.46233,1.23351,-0.49071,0.07538,0.98720,0.09351,0.10494,-0.01649,-0.01085,-0.00158
1712801534910419200,2.46207,1.23346,-0.49100,0.07512,0.98733,0.09219,0.10507,-0.01333,-0.00964,-0.00324
1712801534977017600,2.46243,1.23358,-0.49090,0.07500,0.98714,0.09254,0.10665,-0.01216,-0.00574,-0.00175
1712801535043846656,2.46235,1.23377,-0.49105,0.07456,0.98720,0.09178,0.10701,-0.01083,-0.00589,-0.00172
1712801535110304000,2.46236,1.23389,-0.49119,0.07408,0.98724,0.09151,0.10716,-0.01085,-0.00564,-0.00204
1712801535176945664,2.46229,1.23391,-0.49123,0.07389,0.98729,0.09085,0.10748,-0.01307,-0.00586,-0.00177
1712801535243872256,2.46216,1.23390,-0.49127,0.07386,0.98733,0.09057,0.10732,-0.01076,-0.00622,-0.00155
1712801535310589440,2.46223,1.23395,-0.49127,0.07378,0.98731,0.09056,0.10756,-0.01290,-0.00696,-0.00138
1712801535377112832,2.46065,1.23273,-0.49050,0.07157,0.98792,0.06334,0.12195,-0.05619,-0.02550,-0.00152
1712801535443832576,2.45734,1.23112,-0.48985,0.07108,0.98849,0.04429,0.12598,-0.07770,-0.02634,0.00046
1712801535510434816,2.44839,1.22748,-0.48998,0.07161,0.98949,0.00786,0.12539,-0.09864,-0.03385,-0.00110
1712801535577237760,2.44520,1.22621,-0.48944,0.07119,0.98936,-0.00606,0.12678,-0.12131,-0.03948,-0.00240
1712801535643946496,2.44104,1.22447,-0.48858,0.07149,0.98937,-0.01855,0.12529,-0.13398,-0.04828,0.00127
1712801535710410240,2.43686,1.22268,-0.48755,0.07317,0.98945,-0.02798,0.12185,-0.14322,-0.05303,0.00419
1712801535777043712,2.43159,1.22051,-0.48647,0.07627,0.98988,-0.03561,0.11423,-0.14216,-0.05127,0.00765
1712801535843913216,2.42819,1.21834,-0.48516,0.07909,0.99084,-0.03090,0.10502,-0.11856,-0.04542,0.01150
1712801535910604544,2.42515,1.21657,-0.48401,0.08136,0.99137,-0.03002,0.09835,-0.08982,-0.03613,0.01225
1712801535977107968,2.42290,1.21521,-0.48291,0.08368,0.99171,-0.02917,0.09300,-0.05654,-0.02487,0.01380
1712801536043789056,2.42300,1.21496,-0.48212,0.08541,0.99262,-0.01661,0.08447,-0.01675,-0.00966,0.01183
1712801536110354176,2.42428,1.21552,-0.48206,0.08493,0.99289,-0.00976,0.08277,0.01676,0.00284,0.00706
1712801536177114368,2.42401,1.21545,-0.48178,0.08461,0.99275,-0.01383,0.08426,0.03129,0.01131,0.00528
1712801536243668480,2.42515,1.21589,-0.48156,0.08387,0.99276,-0.01152,0.08524,0.04699,0.01857,0.00452
1712801536310308608,2.42729,1.21682,-0.48165,0.08153,0.99268,-0.00879,0.08872,0.05678,0.02216,0.00223
1712801536377207808,2.43206,1.22036,-0.48292,0.07422,0.99215,-0.00875,0.10024,0.04115,0.02149,0.00175
1712801536443617280,2.43364,1.21982,-0.48216,0.07336,0.99214,-0.00300,0.10135,0.04575,0.01960,0.00068
1712801536510325760,2.43508,1.22054,-0.48232,0.07146,0.99194,-0.00219,0.10462,0.03776,0.01662,0.00027
1712801536576953088,2.43607,1.22108,-0.48247,0.07006,0.99183,-0.00120,0.10665,0.02981,0.01354,0.00007
1712801536643613440,2.43668,1.22141,-0.48257,0.06916,0.99176,-0.00045,0.10786,0.02315,0.01027,0.00047
1712801536710538496,2.43698,1.22161,-0.48266,0.06862,0.99176,0.00035,0.10821,0.01677,0.00666,0.00080
1712801536777207040,2.43714,1.22174,-0.48274,0.06828,0.99179,0.00131,0.10815,0.01294,0.00357,0.00153
1712801536843662080,2.43707,1.22171,-0.48275,0.06827,0.99183,0.00192,0.10771,0.00950,0.00103,0.00254
1712801536910532608,2.43695,1.22167,-0.48278,0.06833,0.99190,0.00270,0.10708,0.00802,-0.00172,0.00376
1712801536977004288,2.43685,1.22155,-0.48272,0.06855,0.99192,0.00341,0.10669,0.00696,-0.00359,0.00496
1712801537043691776,2.43671,1.22144,-0.48269,0.06878,0.99197,0.00433,0.10605,0.00705,-0.00503,0.00646
1712801537110332416,2.43665,1.22128,-0.48259,0.06900,0.99196,0.00493,0.10598,0.00734,-0.00703,0.00819
1712801537176974336,2.43646,1.22096,-0.48238,0.07057,0.99210,0.00843,0.10333,0.02106,-0.00631,0.01112
1712801537243647488,2.43624,1.22021,-0.48214,0.07405,0.99224,0.01450,0.09881,0.04722,-0.00315,0.01354
1712801537310358272,2.43716,1.21994,-0.48223,0.07621,0.99218,0.02291,0.09610,0.06583,0.00173,0.01373
1712801537377550336,2.44081,1.22088,-0.48250,0.07729,0.99168,0.04019,0.09476,0.08180,0.00708,0.01484
1712801537443628032,2.44307,1.22144,-0.48309,0.07715,0.99123,0.05084,0.09451,0.09047,0.02029,0.00757
1712801537510374144,2.44794,1.22349,-0.48370,0.07569,0.99014,0.06722,0.09686,0.10213,0.03626,0.00188
1712801537577005824,2.45211,1.22510,-0.48432,0.07278,0.98916,0.07534,0.10288,0.10309,0.04264,0.00070
1712801537643652096,2.45632,1.22738,-0.48526,0.06805,0.98819,0.08282,0.10952,0.09872,0.04727,-0.00186
1712801537710352640,2.46004,1.22990,-0.48624,0.06174,0.98735,0.08520,0.11859,0.08304,0.04522,-0.00365
1712801537777036032,2.46373,1.23267,-0.48701,0.05572,0.98636,0.08869,0.12699,0.06330,0.03973,-0.00478
1712801537843703040,2.46630,1.23495,-0.48793,0.05068,0.98562,0.09236,0.13209,0.03938,0.02966,-0.00727
1712801537910299904,2.46795,1.23683,-0.48885,0.04645,0.98519,0.09417,0.13553,0.01886,0.01896,-0.00895
1712801537977022720,2.47012,1.23884,-0.48946,0.04293,0.98453,0.09918,0.13793,0.00126,0.00924,-0.01063
1712801538043657728,2.46817,1.23838,-0.49046,0.04091,0.98532,0.09195,0.13790,-0.01737,-0.00584,-0.01076
1712801538110379520,2.46760,1.23829,-0.49079,0.04099,0.98554,0.09248,0.13590,-0.02957,-0.01473,-0.01006
1712801538176995840,2.46621,1.23769,-0.49124,0.04116,0.98607,0.08956,0.13396,-0.03965,-0.02418,-0.00971
1712801538243643136,2.46175,1.23158,-0.48873,0.05786,0.98649,0.08557,0.12712,-0.03311,-0.02532,0.00251
1712801538310327296,2.46453,1.23624,-0.49107,0.04532,0.98633,0.09363,0.12777,-0.03455,-0.02330,-0.00374
1712801538376983808,2.46431,1.23591,-0.49094,0.04660,0.98631,0.09527,0.12623,-0.03120,-0.02288,-0.00176
1712801538443603200,2.46417,1.23557,-0.49078,0.04784,0.98628,0.09654,0.12505,-0.02690,-0.02128,-0.00056
1712801538510650624,2.46404,1.23524,-0.49061,0.04888,0.98627,0.09712,0.12430,-0.02359,-0.02006,0.00053
1712801538577270272,2.46411,1.23506,-0.49044,0.04952,0.98621,0.09740,0.12431,-0.02087,-0.01949,0.00217
1712801538643760640,2.46434,1.23495,-0.49024,0.05013,0.98610,0.09808,0.12436,-0.01709,-0.01795,0.00356
1712801538710360064,2.46451,1.23515,-0.49013,0.04707,0.98631,0.08749,0.13164,-0.03953,-0.02908,0.00173
1712801538777007872,2.46096,1.23268,-0.48906,0.04910,0.98727,0.07036,0.13390,-0.05116,-0.02303,0.00850
1712801538843743232,2.45606,1.23046,-0.48890,0.04915,0.98847,0.04697,0.13529,-0.06898,-0.03274,0.00604
1712801538910353152,2.45242,1.22825,-0.48789,0.05033,0.98872,0.03005,0.13781,-0.08985,-0.04081,0.00601
1712801538976943104,2.44812,1.22629,-0.48721,0.05096,0.98896,0.01352,0.13846,-0.11251,-0.04661,0.00402
1712801539043616256,2.44351,1.22445,-0.48642,0.05221,0.98934,0.00036,0.13592,-0.12289,-0.05435,0.00731
1712801539110497536,2.44125,1.22345,-0.48550,0.05544,0.98995,0.00080,0.13007,-0.12023,-0.05651,0.01001
1712801539176952064,2.43922,1.22232,-0.48460,0.05921,0.99090,0.00674,0.12066,-0.10161,-0.05029,0.01082
1712801539243753472,2.43848,1.22176,-0.48379,0.06332,0.99165,0.01799,0.11087,-0.06965,-0.03741,0.01162
1712801539310327040,2.43743,1.22085,-0.48301,0.06507,0.99187,0.01841,0.10783,-0.04913,-0.02532,0.01047
1712801539377118208,2.43757,1.21995,-0.48155,0.06696,0.99176,0.02133,0.10714,-0.02556,-0.01721,0.01492
1712801539443692544,2.43604,1.21951,-0.48130,0.06995,0.99224,0.02582,0.09954,-0.00026,-0.00586,0.01183
1712801539510518528,2.43923,1.22083,-0.48097,0.06990,0.99183,0.03992,0.09899,0.02757,0.00784,0.00845
1712801539576927232,2.44051,1.22130,-0.48079,0.06995,0.99162,0.04423,0.09915,0.04328,0.01745,0.00646
1712801539643638784,2.44201,1.22190,-0.48064,0.06924,0.99134,0.04663,0.10136,0.05088,0.02359,0.00488
1712801539710309888,2.44380,1.22286,-0.48067,0.06792,0.99103,0.05039,0.10344,0.06127,0.03175,0.00285
1712801539777006848,2.44470,1.22341,-0.48070,0.06635,0.99088,0.04951,0.10632,0.05775,0.03175,0.00224
1712801539843741952,2.44639,1.22450,-0.48088,0.06423,0.99058,0.05244,0.10894,0.06050,0.03441,0.00147
1712801539910457344,2.44743,1.22526,-0.48105,0.06254,0.99040,0.05373,0.11093,0.06064,0.03464,0.00132
1712801539976927488,2.44865,1.22605,-0.48114,0.06061,0.99015,0.05453,0.11380,0.05400,0.03058,0.00242
1712801540043634688,2.44966,1.22673,-0.48125,0.05990,0.98995,0.05841,0.11402,0.06464,0.03515,0.00270
1712801540110293248,2.45047,1.22722,-0.48126,0.05855,0.98975,0.05886,0.11621,0.05618,0.02938,0.00437
1712801540177141248,2.45141,1.22780,-0.48129,0.05723,0.98952,0.06036,0.11804,0.05393,0.02564,0.00645
1712801540243768832,2.45202,1.22790,-0.48109,0.06003,0.98931,0.07036,0.11278,0.07717,0.03352,0.01013
1712801540310275328,2.45361,1.22793,-0.48110,0.06382,0.98856,0.08167,0.10956,0.10144,0.04003,0.00888
1712801540377037568,2.45905,1.22991,-0.48079,0.06745,0.98611,0.10786,0.10680,0.13312,0.05169,0.01510
1712801540443653888,2.46938,1.23560,-0.48087,0.06562,0.98086,0.14485,0.11236,0.13341,0.06070,0.01585
1712801540510350848,2.47342,1.23520,-0.47783,0.07376,0.97920,0.13995,0.12703,0.08981,0.07856,0.01876
1712801540577003008,2.47891,1.23841,-0.47514,0.07633,0.97680,0.13914,0.14379,0.03618,0.07124,0.02795
1712801540643867136,2.48420,1.24556,-0.48037,0.04666,0.97537,0.15291,0.15198,0.02596,0.04662,0.00428
1712801540710290944,2.48477,1.24878,-0.48262,0.03779,0.97516,0.15802,0.15057,0.00588,0.03219,-0.00470
1712801540776969984,2.48460,1.25115,-0.48427,0.03218,0.97509,0.16153,0.14857,-0.01149,0.01868,-0.01020
1712801540843717120,2.47746,1.24583,-0.48611,0.03489,0.97955,0.14110,0.13913,-0.02826,-0.00426,-0.01300
1712801540910441728,2.48037,1.25130,-0.48733,0.02930,0.97682,0.16306,0.13556,-0.01673,-0.00030,-0.01411
1712801540977012736,2.48017,1.25140,-0.48764,0.02978,0.97665,0.16601,0.13306,-0.01414,-0.00426,-0.01130
1712801541043698688,2.47997,1.25112,-0.48766,0.03088,0.97657,0.16762,0.13139,-0.01186,-0.00773,-0.00784
1712801541110441728,2.47991,1.25071,-0.48745,0.03244,0.97643,0.16902,0.13028,-0.00903,-0.00969,-0.00451
1712801541176982272,2.47988,1.25026,-0.48717,0.03406,0.97629,0.17013,0.12944,-0.00571,-0.01076,-0.00157
1712801541243638272,2.47992,1.24978,-0.48679,0.03575,0.97617,0.17072,0.12911,-0.00346,-0.01102,0.00139
1712801541310317824,2.47996,1.24938,-0.48647,0.03724,0.97606,0.17136,0.12864,-0.00005,-0.01040,0.00395
1712801541377008896,2.47999,1.24893,-0.48615,0.03853,0.97606,0.17115,0.12860,0.00199,-0.01068,0.00638
1712801541443623680,2.47996,1.24858,-0.48595,0.03932,0.97614,0.17040,0.12868,0.00275,-0.01238,0.00880
1712801541510322176,2.48001,1.24814,-0.48568,0.04053,0.97621,0.16992,0.12847,0.00590,-0.01186,0.01076
1712801541576937472,2.48011,1.24782,-0.48545,0.04170,0.97618,0.17016,0.12800,0.00880,-0.01258,0.01342
1712801541643618304,2.48072,1.24787,-0.48520,0.04299,0.97573,0.17299,0.12718,0.01783,-0.00839,0.01761
1712801541710305536,2.48213,1.24964,-0.48560,0.04119,0.97445,0.18029,0.12747,0.02603,-0.02935,0.02925
1712801541777036032,2.48602,1.25001,-0.48340,0.04710,0.97124,0.19343,0.13062,0.03228,-0.04217,0.04900
1712801541843667456,2.49633,1.25482,-0.47895,0.05493,0.96147,0.23036,0.13960,0.04558,-0.07396,0.07137
1712801541910289920,2.50834,1.25594,-0.46995,0.07690,0.94936,0.26424,0.15160,0.05007,-0.07828,0.08990
1712801541976958976,2.52000,1.25937,-0.46098,0.09474,0.93574,0.29650,0.16585,0.06199,-0.07599,0.10834
1712801542043632896,2.52195,1.25245,-0.45399,0.11694,0.93334,0.29505,0.16776,0.06200,-0.08496,0.12128
1712801542110323968,2.51898,1.23914,-0.44407,0.14646,0.93709,0.26546,0.17306,0.05152,-0.09309,0.14333
1712801542177007360,2.53106,1.24855,-0.43941,0.15199,0.92199,0.30811,0.17862,0.08815,-0.10241,0.15371
1712801542243697408,2.54416,1.26076,-0.42738,0.17400,0.91027,0.32507,0.18832,0.09729,-0.09212,0.18077
1712801542310336768,2.42445,1.38849,-0.39677,0.18979,0.94350,0.21609,0.16459,0.07214,-0.21926,0.20056
1712801542376940288,2.39878,1.47878,-0.37160,0.19689,0.94156,0.21175,0.17279,0.04429,-0.18780,0.23869
1712801542443668224,2.49089,1.61704,-0.39998,0.13418,0.92770,0.28542,0.19976,0.17610,-0.39964,0.20142
1712801542510332160,2.17609,2.12546,-0.34646,0.27044,0.92263,0.22211,0.16210,-0.19197,0.86414,0.30741
1712801542577025024,2.08076,2.65202,-0.34327,0.30117,0.91051,0.22543,0.17161,-0.34530,1.54091,0.31083
1712801542643708416,-0.07217,1.75414,-0.52827,0.27035,0.88915,0.19876,0.31115,-3.38560,0.21131,0.01889
1712801542710337536,1.86172,3.17694,-0.32485,0.27308,0.92064,0.21761,0.17464,-0.54693,1.75207,0.35860
1712801542776960256,0.39445,2.76881,-0.39922,0.30062,0.89228,0.21934,0.25564,-2.91891,1.28148,0.19975
1712801542843614208,-0.40641,2.20505,-0.46776,0.23251,0.89454,0.21595,0.31481,-4.06096,0.20041,0.05051
1712801542910325760,-0.09505,3.50641,-0.40648,0.32410,0.89178,0.22790,0.21853,-3.17932,2.55256,0.12804
1712801542976971008,-0.85219,2.59712,-0.44064,0.21478,0.89938,0.23612,0.29872,-4.28456,0.75490,0.07869
1712801543043646720,-0.41596,3.78353,-0.36571,0.27183,0.89914,0.27120,0.21000,-3.23284,2.67286,0.17934
1712801543110389760,-0.51676,4.18541,-0.35389,0.28893,0.90410,0.25390,0.18616,-3.15072,3.26864,0.13314
1712801543176985600,-1.45281,3.21952,-0.38024,0.18192,0.90708,0.26506,0.27175,-4.46314,1.43868,0.11367
1712801543243639552,-1.33663,4.40047,-0.37768,0.28130,0.91111,0.24888,0.16971,-3.75776,3.56891,0.01561
1712801543310302976,-2.08430,3.64003,-0.37972,0.15941,0.90881,0.28083,0.26417,-4.85314,1.85953,0.05449
1712801543377044224,-2.21473,4.70938,-0.42140,0.21958,0.90249,0.30488,0.21057,-4.65599,3.51449,-0.08182
1712801543443768064,-2.80011,5.75462,-0.59019,0.27667,0.89867,0.27431,0.20149,-5.19671,5.02249,-0.48795
1712801543510356736,-3.36265,4.87831,-0.48845,0.15775,0.90419,0.29906,0.26099,-5.81190,3.16633,-0.22215
1712801543576953856,-3.22821,4.93949,-0.39278,0.20756,0.91493,0.29866,0.17499,-4.97775,3.56627,-0.11978
1712801543643719936,-3.93599,4.37184,-0.39576,0.11750,0.90529,0.30889,0.26690,-5.92726,2.12698,-0.10969
1712801543710352640,-3.78055,3.38097,-0.21160,0.07002,0.92504,0.30096,0.22095,-5.14377,0.78461,0.18073
1712801543777010432,-4.20638,2.79283,-0.20915,0.04202,0.92030,0.29785,0.25015,-5.49481,-0.12980,0.12753
1712801543843638528,-5.09412,2.67866,-0.31267,0.03627,0.90110,0.31675,0.29388,-6.44365,-0.38548,-0.08864
1712801543910317568,-5.30285,1.95768,-0.26743,0.00948,0.91063,0.31262,0.27006,-6.18480,-1.32332,-0.01764
1712801543977287424,-6.07589,1.95892,-0.34960,0.02647,0.87516,0.37129,0.30909,-6.96997,-1.35361,-0.20890
1712801544043658752,-5.82145,0.12976,-0.30472,-0.04048,0.87172,0.39168,0.29163,-6.11256,-3.65385,-0.18517
1712801544110329344,-6.79155,-0.35976,-0.44295,-0.02108,0.82801,0.43809,0.34932,-7.22132,-4.14118,-0.49202
1712801544177063168,-8.35231,0.60092,-0.61493,0.05003,0.79895,0.47311,0.36790,-8.97974,-2.55865,-0.76402
1712801544243781888,-9.51871,2.21874,-0.79326,0.10259,0.79624,0.46882,0.36834,-10.07189,-0.28204,-1.02364
1712801544310298112,-10.08581,2.52717,-0.80390,0.13211,0.80367,0.46525,0.34670,-10.21038,0.34771,-1.00531
1712801544377073408,-10.38123,2.49379,-0.72900,0.12216,0.81180,0.47384,0.31864,-9.82678,0.32100,-0.81055
1712801544443625728,-10.99311,2.34743,-0.79888,0.10692,0.80603,0.47203,0.34069,-10.12814,0.00151,-0.92420
1712801544510295040,-11.04830,1.42066,-0.65971,0.07847,0.82523,0.47357,0.29761,-9.34580,-1.14550,-0.60411
1712801544576977408,-11.80760,1.29921,-0.78718,0.06222,0.80162,0.48617,0.34230,-9.94223,-1.44839,-0.84806
1712801544643666688,-12.05790,0.15350,-0.74394,0.04831,0.82211,0.47803,0.30543,-9.45460,-2.71662,-0.67878
1712801544710336512,-12.79450,-0.03150,-0.85599,0.01740,0.79345,0.49706,0.35082,-9.96151,-3.11197,-0.90574
1712801544777011968,-12.80816,-1.23330,-0.77749,0.01453,0.81499,0.49309,0.30404,-9.15124,-4.26735,-0.67165
1712801544844263424,-13.44326,-1.67678,-0.87290,-0.03426,0.78456,0.51145,0.34886,-9.46473,-4.97797,-0.88958
1712801544910262528,-13.33312,-2.89480,-0.78652,-0.02510,0.80322,0.51189,0.30362,-8.61283,-5.90785,-0.65625
1712801544977275904,-13.82461,-3.52798,-0.87320,-0.08459,0.77511,0.52541,0.34058,-8.69015,-6.78927,-0.87660
1712801545043728640,-13.46570,-4.93798,-0.76257,-0.06668,0.79114,0.52905,0.29961,-7.68587,-7.72034,-0.62854
1712801545110360064,-13.59093,-5.84368,-0.82435,-0.14436,0.76352,0.54125,0.32133,-7.24441,-8.84692,-0.84542
1712801545177055488,-13.26429,-6.81328,-0.61480,-0.10389,0.77685,0.55534,0.27804,-6.43599,-9.02861,-0.47062
1712801545243640576,-13.09418,-7.80589,-0.71894,-0.18763,0.75427,0.55630,0.29395,-5.69128,-10.17521,-0.76936
1712801545310340608,-13.09328,-8.39658,-0.46015,-0.13182,0.76277,0.57520,0.26448,-5.43393,-9.86796,-0.35811
1712801545376997120,-12.80037,-9.35698,-0.62572,-0.21255,0.74748,0.56799,0.27108,-4.57541,-10.88336,-0.71727
1712801545443567616,-13.21597,-9.35816,-0.35264,-0.13494,0.76165,0.58050,0.25437,-4.95158,-9.92532,-0.27209
1712801545510350592,-13.69467,-9.87055,-0.58148,-0.20233,0.74743,0.57365,0.26709,-4.88580,-10.51773,-0.66078
1712801545577018368,-14.22695,-9.91501,-0.33896,-0.12529,0.76202,0.58404,0.25004,-5.35292,-9.61338,-0.25659
1712801545643802368,-14.74991,-10.51726,-0.58954,-0.19374,0.74519,0.57896,0.26827,-5.32199,-10.32072,-0.66196
1712801545710367488,-15.22943,-10.83905,-0.39270,-0.12422,0.75839,0.58651,0.25579,-5.72491,-9.73730,-0.33283
1712801545777181184,-15.77528,-11.49876,-0.65821,-0.19368,0.74124,0.58293,0.27064,-5.66417,-10.48776,-0.74898
1712801545843807232,-16.01211,-12.11071,-0.45630,-0.12582,0.75562,0.58883,0.25786,-5.82505,-10.14425,-0.40887
1712801545910301440,-16.47774,-12.83747,-0.73971,-0.20335,0.73523,0.58812,0.26870,-5.60782,-10.97373,-0.85466
1712801545977266432,-16.61659,-13.54408,-0.51279,-0.13489,0.75088,0.59545,0.25184,-5.65588,-10.66798,-0.47169
1712801546043642112,-16.95685,-14.34164,-0.81957,-0.21679,0.72841,0.59439,0.26292,-5.29664,-11.55405,-0.95485
1712801546110322688,-17.24934,-15.05331,-0.59776,-0.14709,0.74303,0.60180,0.25318,-5.54745,-11.26500,-0.57635
1712801546176968704,-17.51979,-15.90355,-0.93502,-0.22890,0.72150,0.59992,0.25913,-5.08346,-12.13892,-1.08607
1712801546243729408,-17.43425,-16.87718,-0.69158,-0.16015,0.73807,0.60597,0.24980,-5.00510,-12.05360,-0.67438
1712801546310301952,-17.60244,-17.75291,-1.05746,-0.24894,0.71241,0.60719,0.24865,-4.36693,-12.91715,-1.23214
1712801546376916736,-18.12074,-18.43000,-0.77735,-0.16917,0.72782,0.61849,0.24315,-4.92143,-12.50171,-0.74513
1712801546443684096,-18.26064,-19.32027,-1.19851,-0.25655,0.70637,0.61190,0.24658,-4.29627,-13.36228,-1.36052
1712801546510537216,-18.81850,-20.09398,-0.92934,-0.17808,0.72187,0.62150,0.24685,-4.92108,-13.05477,-0.88707
1712801546577067008,-18.93349,-21.00721,-1.37774,-0.26512,0.69974,0.61621,0.24570,-4.23148,-13.88159,-1.52145
1712801546643695616,-18.90488,-22.10852,-1.09138,-0.19013,0.71742,0.62435,0.24362,-4.31350,-13.84099,-1.02209
1712801546710428928,-18.94053,-23.02590,-1.58083,-0.28412,0.68976,0.62304,0.23521,-3.46682,-14.62688,-1.71769
1712801546776996096,-19.73739,-23.82920,-1.25664,-0.19732,0.70667,0.63626,0.23844,-4.38793,-14.26462,-1.13345
1712801546843688448,-19.68593,-24.78150,-1.79129,-0.28958,0.68396,0.62669,0.23581,-3.51667,-15.07648,-1.87666
1712801546910582784,-20.40886,-25.71503,-1.47867,-0.20529,0.70145,0.63782,0.24292,-4.38456,-14.84623,-1.30519
1712801546976974848,-20.32461,-26.68729,-2.03932,-0.29757,0.67708,0.63047,0.23562,-3.44039,-15.61922,-2.06677
1712801547043982848,-20.32862,-27.94919,-1.70888,-0.21713,0.69674,0.64047,0.23915,-3.64219,-15.64472,-1.46777
1712801547110332416,-20.19471,-28.90487,-2.33289,-0.31629,0.66611,0.63718,0.22417,-2.56882,-16.35030,-2.31297
1712801547176950016,-21.28678,-29.85169,-1.95922,-0.22199,0.68649,0.65131,0.23505,-3.86707,-16.04969,-1.61038
1712801547243613696,-21.14885,-30.82734,-2.60510,-0.31775,0.66160,0.63920,0.22965,-2.87370,-16.78671,-2.47884
1712801547310304768,-21.99110,-31.92344,-2.25357,-0.22864,0.68267,0.65090,0.24086,-3.91919,-16.62874,-1.80547
1712801547377244160,-21.84179,-32.92796,-2.91721,-0.32366,0.65526,0.64209,0.23153,-2.87485,-17.32588,-2.67916
1712801547443679744,-21.76870,-34.35629,-2.56291,-0.24115,0.67752,0.65325,0.23680,-3.05429,-17.43171,-2.00060
1712801547510597376,-21.62082,-35.33522,-3.30620,-0.34169,0.64357,0.64874,0.21955,-1.93369,-18.03501,-2.96653
1712801547577187840,-22.84189,-36.47264,-2.90929,-0.24450,0.66764,0.66316,0.23388,-3.40278,-17.84415,-2.17715
1712801547644050432,-22.65253,-37.48579,-3.63409,-0.34106,0.64012,0.64964,0.22780,-2.34683,-18.50607,-3.12943
